-- MySQL dump 10.13  Distrib 8.0.22, for Linux (x86_64)
--
-- Host: 127.0.0.1    Database: wild-series
-- ------------------------------------------------------
-- Server version	8.0.22-0ubuntu0.20.04.3

/*!40101 SET @OLD_CHARACTER_SET_CLIENT=@@CHARACTER_SET_CLIENT */;
/*!40101 SET @OLD_CHARACTER_SET_RESULTS=@@CHARACTER_SET_RESULTS */;
/*!40101 SET @OLD_COLLATION_CONNECTION=@@COLLATION_CONNECTION */;
/*!50503 SET NAMES utf8mb4 */;
/*!40103 SET @OLD_TIME_ZONE=@@TIME_ZONE */;
/*!40103 SET TIME_ZONE='+00:00' */;
/*!40014 SET @OLD_UNIQUE_CHECKS=@@UNIQUE_CHECKS, UNIQUE_CHECKS=0 */;
/*!40014 SET @OLD_FOREIGN_KEY_CHECKS=@@FOREIGN_KEY_CHECKS, FOREIGN_KEY_CHECKS=0 */;
/*!40101 SET @OLD_SQL_MODE=@@SQL_MODE, SQL_MODE='NO_AUTO_VALUE_ON_ZERO' */;
/*!40111 SET @OLD_SQL_NOTES=@@SQL_NOTES, SQL_NOTES=0 */;

--
-- Table structure for table `category`
--

DROP TABLE IF EXISTS `category`;
/*!40101 SET @saved_cs_client     = @@character_set_client */;
/*!50503 SET character_set_client = utf8mb4 */;
CREATE TABLE `category` (
  `id` int NOT NULL AUTO_INCREMENT,
  `name` varchar(100) COLLATE utf8mb4_unicode_ci NOT NULL,
  PRIMARY KEY (`id`)
) ENGINE=InnoDB AUTO_INCREMENT=5 DEFAULT CHARSET=utf8mb4 COLLATE=utf8mb4_unicode_ci;
/*!40101 SET character_set_client = @saved_cs_client */;

--
-- Dumping data for table `category`
--

LOCK TABLES `category` WRITE;
/*!40000 ALTER TABLE `category` DISABLE KEYS */;
INSERT INTO `category` VALUES (1,'Horreur'),(2,'Romance'),(3,'Comédie'),(4,'Fantasy');
/*!40000 ALTER TABLE `category` ENABLE KEYS */;
UNLOCK TABLES;

--
-- Table structure for table `doctrine_migration_versions`
--

DROP TABLE IF EXISTS `doctrine_migration_versions`;
/*!40101 SET @saved_cs_client     = @@character_set_client */;
/*!50503 SET character_set_client = utf8mb4 */;
CREATE TABLE `doctrine_migration_versions` (
  `version` varchar(191) COLLATE utf8_unicode_ci NOT NULL,
  `executed_at` datetime DEFAULT NULL,
  `execution_time` int DEFAULT NULL,
  PRIMARY KEY (`version`)
) ENGINE=InnoDB DEFAULT CHARSET=utf8 COLLATE=utf8_unicode_ci;
/*!40101 SET character_set_client = @saved_cs_client */;

--
-- Dumping data for table `doctrine_migration_versions`
--

LOCK TABLES `doctrine_migration_versions` WRITE;
/*!40000 ALTER TABLE `doctrine_migration_versions` DISABLE KEYS */;
INSERT INTO `doctrine_migration_versions` VALUES ('DoctrineMigrations\\Version20201124175552','2020-11-24 18:56:58',85),('DoctrineMigrations\\Version20201129111651','2020-11-29 12:18:33',128),('DoctrineMigrations\\Version20201130114536','2020-11-30 12:45:49',132),('DoctrineMigrations\\Version20201130114824','2020-11-30 12:48:29',97),('DoctrineMigrations\\Version20201130144040','2020-11-30 15:40:49',143);
/*!40000 ALTER TABLE `doctrine_migration_versions` ENABLE KEYS */;
UNLOCK TABLES;

--
-- Table structure for table `episode`
--

DROP TABLE IF EXISTS `episode`;
/*!40101 SET @saved_cs_client     = @@character_set_client */;
/*!50503 SET character_set_client = utf8mb4 */;
CREATE TABLE `episode` (
  `id` int NOT NULL AUTO_INCREMENT,
  `season_id` int NOT NULL,
  `title` varchar(255) COLLATE utf8mb4_unicode_ci NOT NULL,
  `number` int NOT NULL,
  `synopsis` longtext COLLATE utf8mb4_unicode_ci NOT NULL,
  PRIMARY KEY (`id`),
  KEY `IDX_DDAA1CDA4EC001D1` (`season_id`),
  CONSTRAINT `FK_DDAA1CDA4EC001D1` FOREIGN KEY (`season_id`) REFERENCES `season` (`id`)
) ENGINE=InnoDB AUTO_INCREMENT=168 DEFAULT CHARSET=utf8mb4 COLLATE=utf8mb4_unicode_ci;
/*!40101 SET character_set_client = @saved_cs_client */;

--
-- Dumping data for table `episode`
--

LOCK TABLES `episode` WRITE;
/*!40000 ALTER TABLE `episode` DISABLE KEYS */;
INSERT INTO `episode` VALUES (1,5,'Steven Sees a Ghost',1,'Steven Crain is an author known for The Haunting of Hill House, an autobiographical novel about his childhood experience while residing in the haunted mansion along with parents Hugh and Olivia, and his younger siblings Shirley, Theo, Nell and Luke. During their stay, the Crain family encounters paranormal occurrences and is forced to flee without Olivia, who dies within the house, traumatising the rest of the family. Years later, Steven used his family\'s traumatic experiences to write his book, straining the bonds with his siblings. Although it became a best-seller, Steven missed most of the frightening experiences and does not actually believe in the paranormal. Theo goes to a bar where she flirts with a woman, Trish, and goes home with her. Steven and Shirley miss calls from Nell, who then calls Hugh and expresses concern for Luke, who has become an addict. Steven returns home, whereby he sees Luke trying to leave with some equipment that was stolen from his apartment. When Steven enters the apartment, he finds Nell there. While talking to her, Steven receives a call from Hugh informing him that Nell went to Hill House and has died. Steven realizes that Nell is a ghost.'),(2,5,'Open Casket',2,'In childhood flashbacks at Hill House, Shirley encounters a box of kittens located in a hut nearby the mansion, and manages to convince her parents to let her take them inside the house. However, the kittens all end up dying, which deeply affects and disturbs Shirley, who obsesses over why she couldn\'t fix them. Some time after she and her family have left Hill House, a funeral is held for Olivia and an initially distraught Shirley is surprised and in awe that the mortician was able to \"fix\" her mother. As an adult, Shirley is now a mortician who owns a funeral business alongside her husband, Kevin, and rents a guest house to Theo, who is now a child therapist. Shirley soon gets a call from Steven, who informs her of Nell\'s death. Distraught and shaken, she requests that Nell\'s corpse be brought to her and she embalms her sister herself. However, after completing the embalming, Shirley suffers a scare when she encounters a ghost from her past.'),(3,5,'Touch',3,'Flashbacks reveal that Theo is able to perceive feelings from people and impressions from objects when she touches them with her bare hands. An incident with Luke in the dumbwaiter leads to a secret cellar that was not mapped in the house\'s blueprints, whereby Luke encounters a ghost that attacks him. Luke is upset that no one believes him, so Theo investigates and finds a hidden door leading to the basement. Olivia reveals to Theo that her grandmother (and by extent, she and her daughters) are \"sensitive\" and gives Theo a pair of gloves to protect her hands. While working as a therapist for children in foster care, Theo comes across a child that she can\'t \"read\" and who claims to be tormented by \"Mr. Smiley\", a monster that lives in the basement. Theo goes to the house where the little girl lives and discovers the truth of the situation through her touch; the foster dad was molesting the girl and Mr. Smiley was a manifestation of the abuse. Theo contacts the authorities and the foster dad is arrested. Afterwards, Theo goes to the morgue, takes off her gloves and touches Nell\'s forehead. Theo then collapses and screams. Later, Theo opens up about herself to Trish. A flashback to their last night in Hill House reveals disturbing images when Theo touches her father on the way out, including Hugh and Olivia fighting and Olivia getting pushed up against the wall and hitting her head.'),(4,5,'The Twin Thing',4,'Child Luke was frustrated his family never believed him. He finds a friend named Abigail, who all of the family insist is imaginary. Luke claims a bowler hat his mother finds in the attic and wears it frequently. In the present, Luke is now 90 days clean and determined to stay that way. Luke and Nell have shared a \"twin thing\" since birth, and each is able to feel the other\'s physical ailments. Luke\'s best friend in the halfway house, Joey, runs away to get high, and Luke follows after. Child Luke wakes up one night and encounters the spirit of a tall man that comes to collect its bowler hat from Luke. Luke finds his friend, but during his search, Luke feels unnaturally cold and stiff. Lacking money for a place to stay, Luke breaks into Steve’s apartment to steal items and sell. Steve catches him and thinks he is selling them for drugs and buys his items back. Joey takes the money and disappears and later Luke is mugged, leaving him shoeless and wandering with the hatted man following him. The feeling of cold from earlier is unbearable and Luke calls the halfway house to beg to be allowed back in. Steve informs Luke of Nell’s passing. Luke shakily states it wasn\'t suicide.'),(5,5,'The Bent-Neck Lady',5,'Child Nell is tormented by an apparition she calls the Bent-Neck Lady, a ghostly figure with a broken neck standing at the foot of her bed while Nell is unable to move. Adult Nell sees a sleep technologist, Arthur, for sleep paralysis. The two immediately hit it off and eventually marry. During one sleep paralysis episode, Arthur suffers a sudden brain aneurysm and dies, while Nell sees the Bent-Neck Lady again. Nell begins to use her medication less and less, causing schisms with Theo and Steve. In her broken state, and convinced by her therapist that Hill House is \"just a carcass in the woods\", Nell drives off to the house. She enters the house and encounters an idyllic scenario of her family and Arthur in a beautifully renovated mansion before finding herself at the top of a staircase, where she puts a noose around her neck whilst imagining it to be her mother\'s locket, before she is pushed from the ledge by her mother, breaking her neck. As Nell dies, she sees herself fall and travel through the past revealing that she herself is the Bent-Neck Lady haunting her younger self, becoming a ghost of the house.'),(6,5,'Two Storms',6,'The episode alternates between two storms: one the family experienced in the past, at Hill House, the other in the present, the night before Nell\'s funeral, with the entire Crain family meeting at the funeral parlor to view Nell\'s body, together in the same room for the first time since leaving the house. During the storm in the past, Nell goes missing. While searching for her, Olivia sees spirits in the house, and enters a fugue state, acting strangely and unlike herself. The children see a creature in the house. Nell is eventually found, and she says she had been there the whole time, but they couldn\'t see her. At the funeral home in the present, the Crains share memories of Nell. Odd things happen: Steve sees a flash of the ghost of his mother, the power goes out, something is interfering with Nell\'s body by placing buttons on her eyes, and Hugh sometimes seems to talk to himself. The family demands answers from Hugh about what happened, leading to several confrontations and revelations. Tempers rise and the arguments turn nasty. Theo and Kevin reveal they accepted royalties from Steve\'s Hell House book, infuriating Shirley. She later catches Theo and Kevin together in a storage room. Nell\'s coffin falls over by itself, interrupting the fights. Nell\'s spirit had been in the room the whole time as they fought, although no one could see her.'),(7,5,'Eulogy',7,'Hugh is getting dressed and preparing for the funeral, revealing that he has been talking to Olivia. Hugh attempts to reach out to Shirley, who is uncooperative, but has better luck with Theo, and the two converse over each other\'s mistakes and make amends. During the funeral, Hugh tries to reconnect with his children. In the past, Hugh assesses the house for storm damage; moisture and mold suggest a leak, but he can\'t find a source. Mr. Dudley assists Hugh, revealing some history of the house\'s previous occupants. Mr. Dudley suggests the increasingly-erratic Olivia needs to spend time away from the house, sharing some of the strange experiences he and Mrs. Dudley have had, and why they never come to the house at night. Hugh and Olivia agree she needs to spend some time away when her behavior becomes disturbing and dangerous. Hugh discovers the source of the moisture and solves the disappearance of William Hill, the original owner. The ghost of Olivia appears twice, attacking Luke at the funeral and then Hugh and Theo in Shirley\'s office. Luke goes missing after the funeral after stealing Shirley\'s wallet and Theo\'s car.'),(8,5,'Witness Marks',8,'Steven and Hugh drive around to find Luke. Steven believes the family\'s issues are mental and explains he underwent a vasectomy to avoid spreading his family\'s \"sickness\". Shirley and Theo stay at the funeral parlor to keep watch on whether Luke will use the stolen credit card. They have an argument and are spooked by unexplained knocks across the walls. Shirley gets a notification of Luke using the credit card for gas, at a gas station on the way to Hill House. Hugh reveals to Steven that while he was living in the house, Steven had been seeing ghosts all along; he just didn\'t realize they were ghosts. He also explains that Steven and his siblings are like \"an unfinished meal\" to Hill House. Shirley and Theo decide to drive up to Hill House, while continuing to argue with each other. Nellie’s ghost scares them during their argument, until they mend their bond. Luke arrives at Hill House and tries to burn it down, only to be caught off guard by a vision of Olivia and another ghost, who incapacitates Luke.'),(9,5,'Screaming Meemies',9,'In a flashback, Hugh finds Olivia, Nell, and Luke asleep on a couch, and she tells him she wished the children could stay like that forever. When she walks through her reading room door she enters the morgue containing the corpses of adult Nell and Luke, where Nell speaks to her. She wakes up in the middle of the night and encounters the ghost of Poppy Hill. Olivia agrees to leave Hill House the next morning to get some rest at the home of her sister, Janet, but actually checks into a nearby motel. She returns to Hill House and the family\'s last night at the mansion starts to unfold as an unstable Olivia rouses the twins and Abigail, who was staying over for the night, for a tea party in the Red Room. Shirley noticed her mother behaving oddly in the kitchen and awakes Hugh. He realizes Olivia had tainted tea with rat poison and is able to intervene before Luke and Nell drank the tea, but arrived too late to save Abigail. Hugh gets the kids out of the house, leaving a horrified Olivia behind, who dies when she falls off the top of the spiral staircase.'),(10,5,'Silence Lay Steadily',10,'Steven and Hugh see Luke lying unconscious in the Red Room after failing to burn down Hill House. Steven becomes locked in the room and awakens from a nightmare to find Luke near death as Theo and Shirley, unconscious nearby, awaken after experiencing revelatory dreams about their lives. In Luke\'s dream he arises inside a pristine room and finds Olivia, Abigail, and a young Nell. Olivia wants him to stay, but Nell tells him to leave. He wakes up gasping and points to Nell\'s specter as having saved him. Nell explains that the Red Room is the \"stomach\" of the house and the room in which each of them had lived a personal fantasy. Before vanishing she assures them that they had all loved each other completely. Olivia\'s ghost tells Poppy to stay away from Hugh. Olivia doesn\'t want her children to leave, but Hugh convinces her to open the door and let them escape. Hugh and Steven stay behind and Olivia\'s death and its aftermath are revealed. The Dudleys were Abigail\'s parents and convince the younger Hugh to keep the death of Abigail and how it transpired a secret. Hugh, who had died by now, enters the room and joins Olivia and Nell. Two years later, the siblings, with bonds reconciled, celebrate Luke\'s sobriety together with their partners.'),(11,14,'Pilot',1,'Une famille recomposée hautement dysfonctionnelle est forcée de se regrouper lorsqu\'elle réalise qu\'un virus signalé est en fait le début de l\'apocalypse des morts-vivants.'),(12,14,'Si proche et pourtant si loin',2,'Alors que Madison lutte pour empêcher Nick d\'un retrait paralysant, Travis s\'aventure à la recherche de son fils avant que la ville de Los Angeles ne tombe.'),(13,14,'Le chien',3,'Après avoir échappé à une émeute, Travis, Liza et Chris se réfugient chez les Salazars; Madison défend sa maison.'),(14,14,'Ne s\'affaiblit pas',4,'Madison et Travis voient les différents aspects de l\'occupation de la Garde nationale dans leur quartier, la famille essaie de s\'adapter au nouveau monde.'),(15,14,'Cobalt',5,'Le plan de la Garde nationale pour le quartier est révélé; Travis et Madison prennent une décision difficile.'),(16,14,'Le bon homme',6,'Avec les informations que Daniel a récupérées du garde qu\'il a torturé, les trois familles tentent un sauvetage dangereux pour libérer Nick et Liza afin qu\'ils puissent tous quitter la ville pour trouver la sécurité.'),(17,1,'Days Gone Bye',1,'Le shérif adjoint Rick Grimes se réveille d\'un coma et cherche sa famille dans un monde ravagé par les morts-vivants.'),(18,1,'Cran',2,'À Atlanta, Rick est secouru par un groupe de survivants, mais ils se retrouvent bientôt pris au piège dans un grand magasin entouré de marcheurs.'),(19,1,'Dis-le aux grenouilles',3,'Rick est réuni avec Lori et Carl mais décide bientôt - avec certains des autres survivants - de retourner sur le toit et de sauver Merle. Pendant ce temps, les tensions sont vives entre les autres survivants du camp.'),(20,1,'Vatos',4,'Rick, Glenn, Daryl et T-Dog rencontrent un groupe de survivants apparemment hostiles à la recherche de Merle. De retour au camp, Jim commence à se comporter de manière erratique.'),(21,1,'Incendies',5,'Après l\'attaque du camp, Rick conduit les survivants au C.D.C., dans l\'espoir qu\'ils puissent guérir un Jim infecté.'),(22,1,'TS-19',6,'Les survivants ont accès au C.D.C. dans l\'espoir d\'un refuge sûr.'),(23,2,'Ce qui nous attend',1,'Le projet du groupe de se rendre à Fort Benning est suspendu lorsque Sophia disparaît.'),(24,2,'Saignée',2,'Après que Carl ait été accidentellement abattu, le groupe est amené dans une famille vivant dans une ferme voisine. Shane fait un dangereux voyage à la recherche de fournitures médicales.'),(25,2,'Garde le dernier',3,'Alors que l\'état de Carl continue de se détériorer, Shane et Otis tentent d\'esquiver les marcheurs alors qu\'ils retournent à la ferme'),(26,2,'Cherokee Rose',4,'Avec Carl en convalescence, le groupe se concentre sur la recherche de Sophia. Glenn et Maggie partent en voyage pour trouver des fournitures.'),(27,2,'Chupacabra',5,'Seul dans les bois, Daryl trouve un indice mais est blessé et attaqué par des marcheurs. Rick remet en question ses choix. Glenn reçoit des signaux mitigés de Maggie.'),(28,2,'Secrets',6,'Dale confronte Hershel après que Glenn lui ait parlé des marcheurs dans la grange. Pendant ce temps, Lori a du mal à accepter sa grossesse et Shane essaie d\'apprendre à Andrea comment utiliser les armes.'),(29,2,'À peu près déjà mort',7,'Glenn parle au reste du groupe des marcheurs dans la grange, les divisant sur ce qu\'il faut faire. Pendant ce temps, Hershel fixe une date limite pour le départ du groupe, à moins que Rick ne fasse une tâche difficile.'),(30,2,'Nebraska',8,'À la suite de l\'incident de la grange; le groupe enterre des êtres chers, Beth tombe sous le choc, et Rick et Glenn partent à la recherche d\'Hershel lorsqu\'il disparaît.'),(31,2,'Triggerfinger',9,'Rick, Glenn et Hershel sont sous le feu de l\'ennemi après leur rencontre avec Dave et Tony. Pendant ce temps, Shane s\'en prend à Lori quand tout le monde se rend compte qu\'elle a disparu.'),(32,2,'18 milles',10,'Rick et Shane se disputent pour savoir quoi faire avec Randall. De retour à la ferme, Lori, Andrea et Maggie ont affaire à une Beth suicidaire.'),(33,2,'Juge, jury, bourreau',11,'Dale craint que le groupe perde son humanité alors que Rick et les autres votent pour exécuter Randall.'),(34,2,'Meilleurs anges',12,'Le comportement antagoniste de Shane atteint de nouveaux sommets, tandis que Carl subit les conséquences de ses actes.'),(35,2,'À côté du feu mourant',13,'Alors que la ferme est envahie par les marcheurs, le groupe se bat pour s\'échapper'),(36,3,'La graine',1,'Après des mois de fuite, le groupe se réfugie dans une prison fédérale, tandis qu\'ailleurs, la santé d\'Andrea commence à se détériorer.'),(37,3,'Malade',2,'Alors que l\'état de santé de Hershel s\'aggrave, Rick, Daryl et T-Dog traitent avec un groupe de prisonniers.'),(38,3,'Marche avec moi',3,'Andrea et Michonne sont amenées dans une communauté fortifiée dirigée par un homme appelé The Governor.'),(39,3,'Tueur à l\'intérieur',4,'Lori entre en travail lorsque la prison est attaquée. Michonne tente de convaincre Andrea de quitter Woodbury.'),(40,3,'Dire le mot',5,'Rick a du mal à faire face. Andrea et Michonne se séparent. Daryl et Maggie partent chercher de la nourriture et des vêtements pour le bébé.'),(41,3,'Traqué',6,'Rick reçoit un appel téléphonique mystérieux. Andrea se rapproche du gouverneur. Merle tente de traquer Michonne.'),(42,3,'Quand les morts viennent frapper',7,'Michonne conduit Rick, Daryl et Oscar à Woodbury pour sauver Glenn et Maggie. Merle essaie de forcer les informations à sortir de Glenn.'),(43,3,'Fait pour souffrir',8,'Rick, Daryl, Michonne et Oscar entrent à Woodbury à la recherche de Glenn et Maggie. Pendant ce temps, un nouveau groupe de survivants rencontre la prison.'),(44,3,'Le roi du suicide',9,'Woodbury est laissé dans le désarroi suite à l\'attaque du groupe de Rick. La présence de Merle dans le groupe provoque des conflits.'),(45,3,'Accueil',10,'Rick continue de voir des visions de Lori. Le gouverneur prévoit un assaut sur la prison. Daryl et Merle se débrouillent seuls dans la forêt.'),(46,3,'Je ne suis pas un Judas',11,'Alors que Rick et le groupe débattent de leur prochain plan d\'action, Andrea essaie de négocier avec eux. Pendant ce temps, le gouverneur prépare Woodbury pour la bataille.'),(47,3,'Clair',12,'Rick tombe sur un visage familier quand lui, Carl et Michonne retournent dans la ville natale de Rick pour plus d\'armes à feu pour se fortifier contre le gouverneur.'),(48,3,'Flèche sur le montant de la porte',13,'Rick et le gouverneur se rencontrent face à face, apparemment pour prendre une résolution pacifique afin d\'éviter de nouvelles effusions de sang. De retour à la prison, des tensions surgissent entre Merle et le reste du groupe.'),(49,3,'Proie',14,'Le gouverneur traque Andrea quand elle fuit Woodbury. Pendant ce temps, des tensions surgissent au sein du groupe de Tyreese et le plan du gouverneur pour le groupe de Rick est saboté.'),(50,3,'Cette triste vie',15,'Alors que Rick décide du sort de Michonne, Merle prend les choses en main.'),(51,3,'Bienvenue dans les tombes',16,'Alors que Rick et le groupe se préparent à l\'attaque imminente du gouverneur, Andrea se bat pour échapper à la captivité.'),(52,4,'30 jours sans accident',1,'Plusieurs mois se sont écoulés et Rick et le groupe élargi vivent une vie plus paisible à la prison. Des problèmes surgissent lorsque Rick rencontre un nouveau survivant et qu\'une course de ravitaillement se termine par un désastre.'),(53,4,'Infecté',2,'Rick est obligé d\'abandonner son style de vie tranquille lorsqu\'un virus mystérieux met en danger la vie de tout le monde à la prison.'),(54,4,'Isolement',3,'Alors que les malades sont mis en quarantaine, Daryl, Tyreese, Michonne et Bob quittent la prison à la recherche de fournitures médicales. Rick fait une découverte choquante.'),(55,4,'Indifférence',4,'Daryl, Tyreese, Michonne et Bob continuent à pied à l\'école vétérinaire à la recherche de médecine. Rick et Carol partent en courant dans une ville voisine où ils trouvent deux traînards non infectés.'),(56,4,'Internement',5,'Hershel a du mal à soigner les malades alors que la situation dans le bloc cellulaire s\'aggrave. Pendant ce temps, Rick et Carl défendent la prison alors que les clôtures cèdent.'),(57,4,'Appâts vivants',6,'Le gouverneur se lie avec une petite famille après la chute de Woodbury.'),(58,4,'Poids mort',7,'Le gouverneur planifie son prochain déménagement alors que lui, Lilly, Tara et Meghan s\'adaptent à un nouvel environnement.'),(59,4,'Allé trop loin',8,'Rick et le groupe font face à un danger imminent alors que le gouverneur tente de prendre la prison'),(60,4,'Après',9,'Avec le débordement de la prison, Rick et Carl se retrouvent sur la route à la recherche d\'un abri. Pendant ce temps, Michonne est hantée par les souvenirs du passé.'),(61,4,'Détenus',10,'Beth essaie de garder espoir. Tyreese, Lizzie et Mika rencontrent un visage familier. Glenn et Maggie ont du mal à se débrouiller l\'un sans l\'autre.'),(62,4,'Revendiqué',11,'Alors que Carl et Michonne cherchent des fournitures, Rick est confronté à une bande de maraudeurs. Pendant ce temps, Glenn et Tara sont réunis avec trois inconnus pour une mission importante.'),(63,4,'Encore',12,'Daryl et Beth cherchent refuge dans les bois, où un conflit éclate entre les deux.'),(64,4,'Seul',13,'Maggie, Sasha et Bob s\'affrontent pour savoir s\'ils doivent se rendre à Terminus. Daryl et Beth se réfugient dans une maison funéraire apparemment abandonnée.'),(65,4,'Le bosquet',14,'Carol doit faire face à de vieux secrets et au comportement psychotique de Lizzie quand elle, Tyreese et les filles se réfugient dans une maison vacante sur le chemin de Terminus.'),(66,4,'Nous',15,'Glenn et Tara sont sur le chemin de Terminus, mais Abraham est réticent. Daryl a du mal à s\'adapter aux règles des réclamants.'),(67,4,'Une',16,'Rick, Carl et Michonne se croisent à nouveau avec les réclamants sur le chemin de Terminus, alors que le soi-disant sanctuaire commence à révéler son vrai visage.'),(68,6,'Pilote',1,'Le thérapeute Ben Harmon, sa femme Vivien et leur fille Violet traversent le pays à Los Angeles pour échapper à leur passé troublé.'),(69,6,'Violation de domicile',2,'Les amateurs de tueurs en série reconstituent les meurtres brutaux de deux étudiantes en sciences infirmières, tandis que Ben retourne à Boston pour réparer une erreur impliquant une ancienne flamme.'),(70,6,'Maison du meurtre',3,'Ben confronte Moira à propos d\'un comportement étrange récent, tandis que Vivien découvre le premier résident de la maison.'),(71,6,'Halloween: Partie 1',4,'Deux des anciens résidents de la maison, les architectes d\'intérieur Chad et Patrick, donnent des conseils de décoration aux Harmon.'),(72,6,'Halloween: 2e partie',5,'Lors d\'un rendez-vous avec Violet, Tate est harcelée par un groupe d\'adolescents sanglants. Ben et Vivien sont hantés par l\'un des nouveaux invités de la maison.'),(73,6,'Piggy Piggy',6,'Ben voit un nouveau patient qui est terrifié par la légende d\'un homme qui massacre ceux qui répètent un mantra spécifique dans un miroir.'),(74,6,'Journée portes ouvertes',7,'Moira persuade un acheteur potentiel de faire une offre. Constance et Larry travaillent contre ses efforts.'),(75,6,'L\'homme caoutchouc',8,'L\'homme en combinaison en caoutchouc est révélé. La santé mentale de Vivian change.'),(76,6,'Petite fille effrayante',9,'L\'une des victimes de meurtre les plus célèbres de l\'histoire rend visite à la maison. Constance découvre davantage le mauvais comportement de Tate.'),(77,6,'nfants fumants',10,'En 1994, Larry est brûlé. Dans le présent, Ben commence à comprendre ce qui est arrivé à la cause de l\'institutionnalisation de Vivien. Constance est interrogée par la police dans la mort de Travis. Violet apprend quelque chose sur elle-même qu\'elle ne sait pas.'),(78,6,'Naissance',11,'Vivien accouche. Violet apprend qui a engendré l\'un de ses nouveaux frères et sœurs.'),(79,6,'Après la naissance',12,'Les conséquences du travail difficile de Vivien sont révélées et Ben fait des plans pour sortir de la maison. Certains esprits ont d\'autres plans et la famille doit se rassembler pour traverser ces changements très difficiles.'),(80,7,'Bienvenue à Briarcliff',1,'Après une expérience qui a changé sa vie, un jeune homme est admis dans un asile d\'aliénés notoire, tandis qu\'un journaliste local est déterminé à obtenir toute l\'histoire.'),(81,7,'Trucs et friandises',2,'Un exorciste est convoqué à Briarcliff pour aider à sauver un garçon de ferme en difficulté. Le secret le plus sombre de sœur Jude est révélé.'),(82,7,'Nor\'easter',3,'Un groupe de patients planifie une évasion de l\'asile lors d\'une violente tempête.'),(83,7,'Je suis Anne Frank: Partie 1',4,'Un nouveau patient prétendant être Anne Frank expose le passé d\'Arden. Kit apprend pourquoi Grace a été admise à Briarcliff.'),(84,7,'Je suis Anne Frank: partie 2',5,'Sœur Jude déterre la terre sur Arden. Kit fait une confession surprenante. Bloody Face est démasqué.'),(85,7,'Les origines de la monstruosité',6,'Une mystérieuse petite fille est abandonnée à Briarcliff. Le Monseigneur conclut un pacte faustien avec le Dr Arden. L\'origine de Bloody Face est révélée.'),(86,7,'Cousin noir',7,'Sœur Mary Eunice est terrifiée de découvrir qu\'un ange noir est descendu sur Briarcliff. Kit fait un geste audacieux pour retrouver Grace.'),(87,7,'Nuit impie',8,'Un Père Noël meurtrier fait des ravages dans l\'asile. Sœur Jude affronte le diable. Arden a une rencontre choquante dans le Death Chute.'),(88,7,'Le porte-manteau',9,'Le Monseigneur prend un converti improbable. Lana obtient une nouvelle preuve qui peut disculper Kit. Arden est témoin d\'un retour miraculeux.'),(89,7,'Le nom du jeu',10,'Le Monseigneur affronte le Diable. Les expériences d\'Arden aboutissent à une conclusion choquante. Le Dr Thredson facilite une réunion surprenante pour Kit.'),(90,7,'Lait renversé',11,'Grace apporte à Kit des nouvelles dévastatrices sur les expériences des extraterrestres sur Alma. Le Dr Thredson reçoit un visiteur inattendu. Le Monseigneur fait tout son possible pour faire taire Jude.'),(91,7,'Continuum',12,'Un nouveau détenu mortel menace la chance de Sœur Jude d\'être libérée de Briarcliff. L\'obsession de Grace pour les extraterrestres devient violente.'),(92,7,'La folie se termine',13,'Johnny entreprend d\'achever le travail de son père. Lana mène la charge pour finalement arrêter Briarcliff.'),(93,8,'Bitchcraft',1,'Après avoir découvert sa lignée unique, une jeune fille est emmenée dans une académie spéciale pour les filles qui partagent la même lignée.'),(94,8,'Pièces de garçon',2,'Fiona menace une paix de longue date lorsqu\'elle plonge dans le passé de Madame LaLaurie, tandis que Zoe et Madison doivent faire face à une horrible tragédie.'),(95,8,'Les remplaçants',3,'Fiona prend un protégé improbable. Zoe, ravagée par la culpabilité, tente de redonner à Kyle son ancienne vie. Madison a un échange enflammé avec Joan Ramsey, une nouvelle voisine.'),(96,8,'Ensue de farces effrayantes',4,'Les choix de Fiona secouent une trêve de plusieurs décennies entre les sorcières de Salem et Marie Laveau. Le Conseil de la sorcellerie rend une visite surprise à l\'Académie avec des allégations inquiétantes.'),(97,8,'Brûle, sorcière. Brûler!',5,'Zoe révèle un nouveau pouvoir lors du siège de l\'armée zombie. Pendant ce temps, Fiona se venge de Myrtle lorsqu\'une attaque laisse Cordelia aveuglée.'),(98,8,'L\'homme à la hache arrive',6,'Lorsque Zoe, Queenie et Nan utilisent un tableau ouija pour découvrir ce qui est arrivé à Madison, ils réveillent l\'esprit d\'un tueur en série mort depuis longtemps, l\'homme à la hache.'),(99,8,'Le mort',7,'Fiona trouve un nouveau but dans une dangereuse histoire d\'amour. Une soirée avec LaLaurie amène Queenie à s\'interroger sur sa place dans le Coven. Cordelia prend une décision fatidique au sujet de sa mère.'),(100,8,'La prise sacrée',8,'Alors que Fiona a du mal à faire face aux effets de ses médicaments, le reste du clan entreprend un rituel connu sous le nom de «prise sacrée» pour se préparer au prochain suprême. Cependant, Fiona doit se suicider pour que le rituel réussisse.'),(101,8,'Tête',9,'L\'attaquant de Cordelia est révélé. Fiona cherche à former une alliance avec Marie Laveau. Nan apprend une vérité troublante sur le passé de Luke.'),(102,8,'Les délices magiques de Stevie Nicks',10,'Fiona tente de sortir le nouveau Supreme avec la visite de Stevie Nicks. Cordelia apprend la vérité sur Hank et les chasseurs de sorcières. Madison essaie d\'éliminer sa concurrence pour la Suprématie.'),(103,8,'Protégez le Coven',11,'Fiona et Laveau ont une confrontation mortelle avec The Corporation. Cordelia fait un sacrifice désespéré pour protéger le Coven.'),(104,8,'Va au diable',12,'La dernière vision de Cordelia met l\'avenir du Coven en question. À l\'approche de la fin du règne de Fiona, les filles manifestent de nouveaux dons puissants. La recherche de Queenie pour Marie Laveau la mène en enfer et retour.'),(105,8,'Les sept merveilles',13,'Zoe, Madison, Misty et Queenie subissent le test des Sept Merveilles, sept défis magiques qui détermineront le prochain Suprême du clan.'),(106,9,'Monstres parmi nous',1,'Après le meurtre de leur mère, les jumeaux siamois Bette et Dot sont embauchés par Elsa Mars, propriétaire de freak show en difficulté.'),(107,9,'Massacres et matinées',2,'Avec un tueur en liberté, la police impose un couvre-feu à Jupiter. Elsa engage un homme fort, inconscient de son sombre passé avec Ethel.'),(108,9,'Edward Mordrake: Partie 1',3,'Elsa défie la superstition pour répéter Halloween, invoquant l\'esprit d\'Edward Mordrake et son groupe fantomatique de monstres.'),(109,9,'Edward Mordrake: Partie 2',4,'Mordrake cherche une âme bizarre à ajouter à sa troupe fantôme. Jimmy et Maggie ont une rencontre avec Twisty le clown.'),(110,9,'Petits gâteaux roses',5,'Stanley prépare un plan pour enlever et tuer les Tattlers. Cependant, Elsa a son propre plan pour se débarrasser des sœurs. Pendant ce temps, Dandy sélectionne sa première victime.'),(111,9,'Bullseye',6,'Elsa se prépare pour son émission de télévision en sortant un nouvel acte. Pendant ce temps, Paul poursuit la romance et les jumeaux s\'installent dans leur nouvelle maison.'),(112,9,'Test de force',7,'Après que Dell a attaqué l\'un des leurs, les femmes du camp planifient leur revanche. Stanley tente de faire chanter l\'un des monstres et Penny confronte son père.'),(113,9,'Bain de sang',8,'Les monstres pleurent la mort de l\'un des leurs, tandis qu\'Elsa accueille un nouvel interprète. Penny et ses nouveaux amis se vengent de son père.'),(114,9,'Massacre de la fête de Tupperware',9,'Jimmy se vautre dans l\'apitoiement sur lui-même et Dandy entreprend de détruire l\'homme qui l\'a privé de ses jumeaux. Pendant ce temps, Desiree rencontre une vieille flamme, et Elsa et Stanley suivent les Tattlers.'),(115,9,'Orphelins',10,'Un décès au camp pousse Elsa à chercher une nouvelle maison pour Pepper. Pendant ce temps, Desiree en a assez de l\'échec de Dell en tant que mari, et Stanley donne un coup de main à Jimmy.'),(116,9,'Pensée magique',11,'Un vendeur ambulant nommé Chester convainc Elsa de l\'engager comme magicien pour le spectacle. Les jumeaux jettent leur dévolu sur le nouveau venu, tandis que Dell et Eve aident Jimmy à s\'échapper.'),(117,9,'Afficher les bouchons',12,'Les monstres exigent la justice poétique après avoir appris les péchés de Stanley. Maggie essaie de faire amende honorable avec Jimmy, et Dandy donne aux Tattlers des informations troublantes sur Chester.'),(118,9,'Rappel',13,'Dandy se prépare pour sa première performance. Les Tattlers envisagent le mariage, tandis qu\'à Hollywood, Elsa découvre qu\'elle est plus que jamais amoureuse.'),(119,10,'Les bords de Sonnie',1,'Dans le monde souterrain des combats de \"bestioles\", Sonnie est imbattable - tant qu\'elle garde son avantage.'),(120,10,'Trois robots',2,'Longtemps après la chute de l\'humanité, trois robots se lancent dans une visite touristique d\'une ville post-apocalyptique.'),(121,10,'Le témoin',3,'Après avoir assisté à un meurtre brutal, une femme fuit le tueur dans les rues d\'une ville surréaliste.'),(122,10,'Costume',4,'Une communauté d\'agriculteurs utilise leurs mechs maison pour défendre leurs familles d\'une invasion extraterrestre'),(123,10,'Sucker of Souls',5,'Libéré par une fouille archéologique, un démon assoiffé de sang combat une équipe de mercenaires armés de ... chats?'),(124,10,'Quand le yogourt a pris le dessus',6,'Après que des scientifiques aient accidentellement créé du yogourt super intelligent, il a rapidement faim de domination mondiale.'),(125,10,'Au-delà de la faille Aquila',7,'En se réveillant après avoir voyagé à des années-lumière, l\'équipage d\'un navire a du mal à découvrir jusqu\'où il est venu.'),(126,10,'Bonne chasse',8,'Le fils d\'un chasseur d\'esprit forge un lien avec un huli jing qui change de forme.'),(127,10,'La déchetterie',9,'Ugly Dave appelle le dépotoir à la maison, et il n\'est pas sur le point de laisser un citadin le lui enlever.'),(128,10,'Changements de forme',10,'Profondément en Afghanistan, deux Marines aux pouvoirs surnaturels font face à une menace de l\'un des leurs.'),(129,10,'Coup de main',11,'Echouée en orbite, une astronaute doit choisir entre la vie et l\'intégrité physique avant que son oxygène ne s\'épuise.'),(130,10,'Nuit de poisson',12,'Après que leur voiture tombe en panne dans le désert, deux vendeurs entreprennent un voyage onirique à l\'aube des temps.'),(131,10,'Lucky 13',13,'Après que le drop-ship Lucky 13 ait perdu deux équipages, aucun pilote ne le piloterait ... mais les recrues n\'ont pas le choix.'),(132,10,'Bleu Zima',14,'L\'artiste renommé Zima raconte son passé mystérieux et sa notoriété avant de dévoiler son œuvre finale.'),(133,10,'Angle mort',15,'Une bande de voleurs cyborg met en scène un braquage à grande vitesse d\'un convoi lourdement blindé.'),(134,10,'Âge de glace',16,'Un jeune couple emménage dans un appartement et trouve une civilisation perdue dans leur ancien congélateur.'),(135,10,'Histoires alternatives',17,'Vous voulez voir Hitler mourir de différentes manières comiques et fantastiques? Maintenant vous pouvez. Bienvenue chez Multiversity!'),(136,10,'La guerre secrète',18,'Les unités d\'élite de l\'Armée rouge combattent un mal impie dans les anciennes forêts de Sibérie.'),(137,11,'Travail de nuit',1,'Londres 1891. Le célèbre explorateur Sir Malcolm Murray et l\'étrange beauté Vanessa Ives recrutent le tireur de précision américain Ethan Chandler et le Dr Victor Frankenstein pour les aider à rechercher quelqu\'un qui a été perdu.'),(138,11,'Séance',2,'Vanessa et Sir Malcolm rencontrent la mystérieusement belle Dorian Gray lors d\'une fête. Les choses changent cependant lorsque la médium renommée Madame Kali organise une séance. Pendant ce temps, Ethan se lie d\'amitié avec Mme Brona Croft, une jeune immigrante irlandaise.'),(139,11,'Résurrection',3,'Le Dr Frankenstein est confronté à son passé. Vanessa a une vision de Mina, qui mène à une étrange découverte au zoo de Londres.'),(140,11,'Demi-monde',4,'L\'engouement de Vanessa pour Dorian Gray grandit. Le professeur Van Helsing est embauché pour travailler avec le Dr Frankenstein. Fenton attire son maître dans le manoir de Sir Malcolm.'),(141,11,'Plus proche que les sœurs',5,'Vanessa se souvient de son passé et des événements qui ont finalement conduit à la disparition de Mina.'),(142,11,'Ce que la mort peut joindre',6,'La dernière vision de Vanessa conduit Sir Malcolm, Ethan et Sembene à une recherche. Le professeur Van Helsing révèle plus de détails au Dr Frankenstein sur qui a pris Mina.'),(143,11,'Possession',7,'Au cours de quatre semaines pénibles, Sir Malcolm, Ethan, le Dr Frankenstein et Sembene font tout ce qu\'ils peuvent pour sauver Vanessa de ce qui est en elle.'),(144,11,'Grand Guignol',8,'Après une vision du Grand Guignol, Vanessa, Sir Malcolm, Ethan, le Dr Frankenstein et Sembene explorent un théâtre vide - pour être confrontés à leurs pires cauchemars.'),(145,12,'Enfer frais',1,'Sir Malcolm revient pour trouver une nouvelle Vanessa chassant le mal.'),(146,12,'Verbis Diablo',2,'Une Vanessa hantée se tourne vers Sir Malcolm pour se réconforter. Pendant ce temps, Dorian Gray rencontre une femme intrigante avec un secret, Hecate cherche un prix pour sa mère - et Ferdinand Lyle révèle la trame de fond inquiétante du Verbis Diablo.'),(147,12,'Les Nightcomers',3,'Dans un flashback, Vanessa rencontre The Cut-Wife, qui réalise rapidement l\'étendue des pouvoirs de Vanessa et la met en garde contre le danger qui l\'attend - et le mal qui la poursuit.'),(148,12,'Les mauvais esprits dans les lieux célestes',4,'Lyle révèle comment l\'histoire du Verbis Diablo affecte Vanessa. Pendant ce temps, Hecate essaie de se rapprocher d\'Ethan; La romance d\'Angélique et Dorian grandit; et l\'inspecteur Rusk interroge l\'unique survivant du massacre de Mariner\'s Inn.'),(149,12,'Au-dessus du ciel voûté',5,'Vanessa, Ethan et Sir Malcolm protègent le manoir d\'une autre attaque. Pendant ce temps, Angélique est humiliée lors d\'une sortie avec Dorian et, alors qu\'Evelyn travaille sur un nouveau totem, Hecate retourne à sa mère avec un cadeau'),(150,12,'Horreurs glorieuses',6,'Sir Malcolm reçoit des nouvelles tragiques. Roper traque Ethan. Dorian organise un somptueux bal en l\'honneur d\'Angélique. Et une nuit glorieuse se transforme en horreur pour Vanessa.'),(151,12,'Petit Scorpion',7,'Vanessa et Ethan fuient Londres pour le cottage de Cut-Wife; une figure du passé refait surface.'),(152,12,'Memento Mori',8,'La créature déchaîne sa rage; Sir Malcolm affronte Evelyn.'),(153,12,'Et l\'enfer est mon seul ennemi',9,'Vanessa va seule combattre Evelyn afin de sauver Sir Malcolm.'),(154,12,'Et ils étaient des ennemis',10,'Vanessa doit compter sur sa force pour vaincre le démon.'),(155,13,'Le jour où Tennyson est mort',1,'Avec Ethan, Sir Malcolm et le Dr Frankenstein maintenant dispersés à travers le monde face à leurs propres démons, Vanessa brisée et découragée demande l\'aide du Dr Seward pour combattre un nouveau mal.'),(156,13,'Prédateurs éloignés et proches',2,'Sir Malcolm continue son voyage avec l\'énigmatique Kaetenay. Pendant ce temps, Ethan reçoit une aide inattendue de Hecate, Drs. Frankenstein et Jekyll élaborent un plan et à son insu, les forces du mal suivent chaque mouvement de Vanessa.'),(157,13,'Good and Evil Braided Be',3,'Vanessa Ives est confrontée à un visage familier qui révélera un indice sur son passé.'),(158,13,'Un brin d\'herbe',4,'Avec l\'aide du Dr Seward, Vanessa subit une hypnose pour revivre son séjour à la clinique d\'interdiction.'),(159,13,'Ce monde est notre enfer',5,'Traqué à travers le désert par Kaetenay et d\'autres, Ethan fait face à un jugement. À Londres, Victor apporte une modification dramatique au remède de Jekyll à la folie.'),(160,13,'Aucune bête si féroce',6,'Vanessa contacte son vieil ami Ferdinand Lyle pour obtenir de l\'aide. Lyle la présente à Catriona Hartdegen. Lily, Dorian et Justine ont mis leur plan en marche. Ethan, Sir Malcolm et Hecate arrivent au ranch de Talbot.'),(161,13,'Marée descendante',7,'Lily envoie sa légion de femmes dans une mission horrible, Vanessa fait un choix inquiétant et les visions de Kaetenay conduisent Ethan vers son destin.'),(162,13,'Nuit perpétuelle',8,'Alors qu\'une peste apocalyptique enveloppe Londres, Victor décide du sort de Lily et Ethan se retrouve face à face avec le mal qui séduit Vanessa.'),(163,13,'L\'obscurité bénie',9,'Sir Malcolm et ses alliés combattent le démon qui revendique Vanessa, la créature fait face à une demande funeste et Ethan fait un choix déchirant.');
/*!40000 ALTER TABLE `episode` ENABLE KEYS */;
UNLOCK TABLES;

--
-- Table structure for table `program`
--

DROP TABLE IF EXISTS `program`;
/*!40101 SET @saved_cs_client     = @@character_set_client */;
/*!50503 SET character_set_client = utf8mb4 */;
CREATE TABLE `program` (
  `id` int NOT NULL AUTO_INCREMENT,
  `title` varchar(255) COLLATE utf8mb4_unicode_ci NOT NULL,
  `summary` longtext COLLATE utf8mb4_unicode_ci NOT NULL,
  `poster` varchar(255) COLLATE utf8mb4_unicode_ci DEFAULT NULL,
  `category_id` int NOT NULL,
  PRIMARY KEY (`id`),
  KEY `IDX_92ED778412469DE2` (`category_id`),
  CONSTRAINT `FK_92ED778412469DE2` FOREIGN KEY (`category_id`) REFERENCES `category` (`id`)
) ENGINE=InnoDB AUTO_INCREMENT=9 DEFAULT CHARSET=utf8mb4 COLLATE=utf8mb4_unicode_ci;
/*!40101 SET character_set_client = @saved_cs_client */;

--
-- Dumping data for table `program`
--

LOCK TABLES `program` WRITE;
/*!40000 ALTER TABLE `program` DISABLE KEYS */;
INSERT INTO `program` VALUES (1,'Walking Dead','Le policier Rick Grimes se réveille après un long coma. Il découvre avec effarement que le monde, ravagé par une épidémie, est envahi par les morts-vivants.','https://m.media-amazon.com/images/M/MV5BZmFlMTA0MmUtNWVmOC00ZmE1LWFmMDYtZTJhYjJhNGVjYTU5XkEyXkFqcGdeQXVyMTAzMDM4MjM0._V1_.jpg',1),(2,'The Haunting Of Hill House','Plusieurs frères et sœurs qui, enfants, ont grandi dans la demeure qui allait devenir la maison hantée la plus célèbre des États-Unis, sont contraints de se réunir pour finalement affronter les fantômes de leur passé.','https://m.media-amazon.com/images/M/MV5BMTU4NzA4MDEwNF5BMl5BanBnXkFtZTgwMTQxODYzNjM@._V1_SY1000_CR0,0,674,1000_AL_.jpg',1),(3,'American Horror Story','A chaque saison, son histoire. American Horror Story nous embarque dans des récits à la fois poignants et cauchemardesques, mêlant la peur, le gore et le politiquement correct.','https://m.media-amazon.com/images/M/MV5BODZlYzc2ODYtYmQyZS00ZTM4LTk4ZDQtMTMyZDdhMDgzZTU0XkEyXkFqcGdeQXVyMzQ2MDI5NjU@._V1_SY1000_CR0,0,666,1000_AL_.jpg',1),(4,'Love Death And Robots','Un yaourt susceptible, des soldats lycanthropes, des robots déchaînés, des monstres-poubelles, des chasseurs de primes cyborgs, des araignées extraterrestres et des démons assoiffés de sang : tout ce beau monde est réuni dans 18 courts métrages animés déconseillés aux âmes sensibles.','https://m.media-amazon.com/images/M/MV5BMTc1MjIyNDI3Nl5BMl5BanBnXkFtZTgwMjQ1OTI0NzM@._V1_SY1000_CR0,0,674,1000_AL_.jpg',1),(5,'Penny Dreadful','Dans le Londres ancien, Vanessa Ives, une jeune femme puissante aux pouvoirs hypnotiques, allie ses forces à celles d\'Ethan, un garçon rebelle et violent aux allures de cowboy, et de Sir Malcolm, un vieil homme riche aux ressources inépuisables.  Ensemble, ils combattent un ennemi inconnu, presque invisible, qui ne semble pas humain et qui massacre la population.','https://m.media-amazon.com/images/M/MV5BNmE5MDE0ZmMtY2I5Mi00Y2RjLWJlYjMtODkxODQ5OWY1ODdkXkEyXkFqcGdeQXVyNjU2NjA5NjM@._V1_SY1000_CR0,0,695,1000_AL_.jpg',1),(6,'Fear The Walking Dead','La série se déroule au tout début de l épidémie relatée dans la série-mère The Walking Dead et se passe dans la ville de Los Angeles, et non à Atlanta. Madison est conseillère dans un lycée de Los Angeles. Depuis la mort de son mari, elle élève seule ses deux enfants : Alicia, excellente élève qui découvre les premiers émois amoureux, et son grand frère Nick qui a quitté la fac et a sombré dans la drogue.','https://m.media-amazon.com/images/M/MV5BYWNmY2Y1NTgtYTExMS00NGUxLWIxYWQtMjU4MjNkZjZlZjQ3XkEyXkFqcGdeQXVyMzQ2MDI5NjU@._V1_SY1000_CR0,0,666,1000_AL_.jpg',1),(7,'Sex Education','Un adolescent avec une mère sexothérapeute fait équipe avec un camarade de classe du secondaire pour mettre en place une clinique souterraine de sexothérapie à l\'école.','https://fr.web.img5.acsta.net/r_1920_1080/pictures/20/01/08/09/31/0501142.jpg',3),(8,'Game of thrones','Neuf familles nobles se battent pour le contrôle des terres de Westeros, tandis qu\'un ancien ennemi revient après avoir dormi pendant des millénaires.','https://images-na.ssl-images-amazon.com/images/I/91LnYdUotcL._AC_SL1500_.jpg',4);
/*!40000 ALTER TABLE `program` ENABLE KEYS */;
UNLOCK TABLES;

--
-- Table structure for table `season`
--

DROP TABLE IF EXISTS `season`;
/*!40101 SET @saved_cs_client     = @@character_set_client */;
/*!50503 SET character_set_client = utf8mb4 */;
CREATE TABLE `season` (
  `id` int NOT NULL AUTO_INCREMENT,
  `program_id` int NOT NULL,
  `number` int NOT NULL,
  `year` int NOT NULL,
  `description` longtext COLLATE utf8mb4_unicode_ci NOT NULL,
  PRIMARY KEY (`id`),
  KEY `IDX_F0E45BA93EB8070A` (`program_id`),
  CONSTRAINT `FK_F0E45BA93EB8070A` FOREIGN KEY (`program_id`) REFERENCES `program` (`id`)
) ENGINE=InnoDB AUTO_INCREMENT=19 DEFAULT CHARSET=utf8mb4 COLLATE=utf8mb4_unicode_ci;
/*!40101 SET character_set_client = @saved_cs_client */;

--
-- Dumping data for table `season`
--

LOCK TABLES `season` WRITE;
/*!40000 ALTER TABLE `season` DISABLE KEYS */;
INSERT INTO `season` VALUES (1,1,1,2010,'Après avoir été blessé dans l’exercice de ses fonctions, le shérif Rick Grimes se réveille d’un coma de plusieurs semaines et découvre un monde post-apocalyptique où la quasi-totalité de la population américaine s’est transformée en zombies. Seul et déboussolé, Rick se rend à Atlanta pour rechercher sa femme Lori et son fils Carl. Sur son chemin, il fera la rencontre d’autres survivants avec lesquels il tentera de rester en vie dans ce monde métamorphosé, effrayant et périlleux.'),(2,1,2,2011,'A la suite de l’explosion du CDC, Rick et son groupe fuient Atlanta alors que la ville est infestée de zombies. Confrontés à une nouvelle menace, ces derniers trouvent refuge dans la ferme d’Hershel Greene, un homme dont la famille cache un terrible secret. Mais les liens du groupe sont mis à rude épreuve lorsque des tensions éclatent entre les survivants et les habitants de la ferme, mais également entre Rick et Shane.'),(3,1,3,2012,'Quelques mois après avoir abandonné la ferme d’Hershel, Rick et sa communauté de survivants découvrent une prison abandonnée dans laquelle s’installer. Mais la sécurité du groupe se trouve rapidement menacée par la communauté voisine dirigée par un homme impitoyable, surnommé le Gouverneur.'),(4,1,4,2013,'Plusieurs mois se sont écoulés depuis l’attaque du Gouverneur et la vie reprend peu à peu son cours à la prison. Lorsqu’un événement tragique oblige les survivants à se séparer et à emprunter des chemins différents, la survie devient plus périlleuse. Confrontés à de nouveaux dangers et ennemis, ils devront faire face à des choix difficiles.'),(5,2,1,2018,'Durant l’été 1992, Hugh et Olivia Crain s’installent avec leurs cinq enfants dans le manoir de Hill House. Mais des événements paranormaux et des pertes tragiques vont les obliger à quitter la demeure. Vingt-six ans plus tard, alors qu’une tragédie survient, les membres de cette famille éclatée sont à nouveau réunis dans cette maison, et sont contraints de faire face aux souvenirs d’événements terrifiants survenus autrefois.'),(6,3,1,2011,'La famille Harmon, composée d’un psychiatre pervers, de sa femme meurtrie et de leur fille dépressive, s’installe dans un manoir hanté à Los Angeles, après l’adultère du père et la fausse couche de la mère. Les esprits rôdent et sont bien décidés à les torturer afin de les confronter à leurs plus grandes peurs.'),(7,3,2,2012,'A Briarcliff, institut psychiatrique dirigé d’une main de fer par Sœur Jude, les péchés du passé remontent à la surface tandis que le désir et les interdits rôdent dans chaque recoin. L’arrivée du tueur Bloody Face va venir perturber l’équilibre déjà instable de l’établissement. Entre religieuses sadiques, esprits démoniaques, nymphomanes, psychopathes pathologiques, criminels de guerre et praticiens aux mœurs perverses, les plus dangereux criminels ne sont pas forcément ceux que l’on croit.'),(8,3,3,2013,'Trois cents ans se sont écoulés depuis la chasse aux sorcières de Salem, et celles qui ont réussi à s’échapper sont maintenant menacées d’extinction. A la Nouvelle-Orléans, l’École pour jeunes filles exceptionnelles de Madame Robichaux accueille les plus jeunes sorcières, dont Zoé qui cache un lourd secret. Accompagnée de Madison Montgomery, de Nan et de Queenie, Zoé devra apprendre à se défendre et à survivre dans le monde moderne. Alors qu’une jeune sorcière est brûlée vive sur un bûcher, Fiona, la plus puissante sorcière de sa génération, revient en ville pour protéger son espèce de l’éradication.'),(9,3,4,2014,'1952, dans la petite ville paisible de Jupiter, en Floride. Une des dernières troupes de saltimbanques ambulants, menée par Miss Elsa Mars et composée d’êtres difformes hors du commun, arrive en ville. Leur venue coïncide avec une série de meurtres horribles commis par un être maléfique qui menace aussi bien les habitants que la troupe. Les artistes de ce cirque différent vont devoir tout faire pour préserver leur vie dans un monde où ils n’ont plus leur place.'),(10,4,1,2019,'Un yaourt susceptible, des soldats lycanthropes, des robots déchaînés, des monstres-poubelles, des chasseurs de primes cyborgs, des araignées extraterrestres et des démons de l\'enfer assoiffés de sang : tout ce beau monde est réuni dans 18 courts d\'animation déconseillés aux âmes sensibles.'),(11,5,1,2014,'Londres, 1891. Vanessa Ives, une jeune femme aux pouvoirs puissants et hypnotiques, s’allie à Ethan Chandler, un homme rebelle et violent, ainsi qu’à Sir Malcolm, un homme riche d’un certain âge aux ressources intarissables. Ensemble, ils combattent une menace quasi invisible qui massacre la population.'),(12,5,2,2015,'Alors que les étranges pouvoirs de Vanessa Ives se développent, des forces sournoises lancent des sorts à ses proches. Dans ce monde troublant, où les personnages les plus emblématiques et terrifiants de la littérature errent dans les rues, des alliances improbables se forment pour combattre des tentations inimaginables.'),(13,5,3,2016,'Et si le seul moyen de combattre nos démons était de les laisser prendre le dessus ? Confrontés à de nouvelles atrocités dans de nouvelles contrées, Ethan Chandler, Dr. Frankenstein, Dorian Gray, Sir Malcolm, la Créature ainsi que la funeste Lily doivent chacun affronter et ne faire plus qu’un avec la facette la plus monstrueuse de leur personnalité. Mais pour Vanessa Ives, accepter ses démons pourrait lui coûter très cher et plonger le monde dans d’éternelles ténèbres.'),(14,6,1,2015,'A Los Angeles, Nick Clark, un jeune toxicomane qui accumule les problèmes, se réveille dans une église abandonnée et découvre son amie en train de dévorer la mâchoire d’un cadavre. Révélant ce qu’il a vu, sa famille pense qu’il s’agit d’hallucinations liées à sa consommation de drogue, même si de nombreux phénomènes étranges se produisent en ville. Mais Madison, sa mère, qui ne croit pas les histoires de son fils et encore moins les rumeurs d’épidémie mortelle qui courent dans le lycée où elle travaille, se rend vite compte que l’apocalypse vient de débuter.');
/*!40000 ALTER TABLE `season` ENABLE KEYS */;
UNLOCK TABLES;
/*!40103 SET TIME_ZONE=@OLD_TIME_ZONE */;

/*!40101 SET SQL_MODE=@OLD_SQL_MODE */;
/*!40014 SET FOREIGN_KEY_CHECKS=@OLD_FOREIGN_KEY_CHECKS */;
/*!40014 SET UNIQUE_CHECKS=@OLD_UNIQUE_CHECKS */;
/*!40101 SET CHARACTER_SET_CLIENT=@OLD_CHARACTER_SET_CLIENT */;
/*!40101 SET CHARACTER_SET_RESULTS=@OLD_CHARACTER_SET_RESULTS */;
/*!40101 SET COLLATION_CONNECTION=@OLD_COLLATION_CONNECTION */;
/*!40111 SET SQL_NOTES=@OLD_SQL_NOTES */;

-- Dump completed on 2020-12-04 18:17:37
